{
 "comment":"Datapack made by TheDiamondPlayables! Don't Plagiarize!",
 "parent":"timed_advancements:day_four/survivor",
 "display":{
  "icon":{
   "item": "minecraft:writable_book"},
  "title":{
   "text": "Pack 4: All Done",
   "color": "green"},
  "description":{
   "text": "Complete all advancements from this advancements pack!\n(apart from this one)\nRewards:\n - 300 Experience\n - Pack 4: Loot Crate",
   "color": "light_purple"},
  "frame": "challenge",
  "show_toast": true,
  "announce_to_chat": false,
  "hidden": false},
 
 "criteria":{
  "command":{
   "trigger": "minecraft:impossible"}
  },
 "requirements":[
				 ["command"]
				],
 "rewards":{
  "function":"timed_advancements:advancements/day_four/lootchest",
  "experience":300}
}