{
 "comment":"Datapack made by TheDiamondPlayables! Don't Plagiarize!",
 "parent":"timed_advancements:day_four/underwater_combat",
 "display":{
  "icon":{
   "item": "minecraft:player_head",
   "nbt":"{SkullOwner:{Id:\"0de98464-1274-4dd6-bba8-370efa5d41a8\",Properties:{textures:[{Value:\"eyJ0ZXh0dXJlcyI6eyJTS0lOIjp7InVybCI6Imh0dHA6Ly90ZXh0dXJlcy5taW5lY3JhZnQubmV0L3RleHR1cmUvN2E1OWJiMGE3YTMyOTY1YjNkOTBkOGVhZmE4OTlkMTgzNWY0MjQ1MDllYWRkNGU2YjcwOWFkYTUwYjljZiJ9fX0=\"}]}}}"},
  "title":{
   "text": "Pack 4: Ender Hunter",
   "color": "green"},
  "description":{
   "text": "Hunt down at least 8 Endermen!\nReward:\n - 100 Experience",
   "color": "green"},
  "frame": "task",
  "show_toast": true,
  "announce_to_chat": false,
  "hidden": false},
 
 "criteria":{
  "command":{
   "trigger": "minecraft:impossible"}
  },
 "requirements":[
				 ["command"]
				],
 "rewards":{
  "function":"timed_advancements:count",
  "experience":100}
}