{
 "comment":"Datapack made by TheDiamondPlayables! Don't Plagiarize!",
 "parent":"timed_advancements:day_four/root",
 "display":{
  "icon":{
   "item": "minecraft:player_head",
   "nbt":"{SkullOwner:{Id:\"7ceb88b2-7f5f-4399-abb9-7068251baa9d\",Properties:{textures:[{Value:\"eyJ0ZXh0dXJlcyI6eyJTS0lOIjp7InVybCI6Imh0dHA6Ly90ZXh0dXJlcy5taW5lY3JhZnQubmV0L3RleHR1cmUvYjc4ZWYyZTRjZjJjNDFhMmQxNGJmZGU5Y2FmZjEwMjE5ZjViMWJmNWIzNWE0OWViNTFjNjQ2Nzg4MmNiNWYwIn19fQ==\"}]}}}"},
  "title":{
   "text": "Pack 4: Extinguisher",
   "color": "green"},
  "description":{
   "text": "Kill at least 8 Blazes!\nTip: Check hints for clues on where to find them!\nReward:\n - 100 Experience",
   "color": "green"},
  "frame": "task",
  "show_toast": true,
  "announce_to_chat": false,
  "hidden": false},
 
 "criteria":{
  "command":{
   "trigger": "minecraft:impossible"}
  },
 "requirements":[
				 ["command"]
				],
 "rewards":{
  "function":"timed_advancements:count",
  "experience":100}
}