{
 "comment":"Datapack made by TheDiamondPlayables! Don't Plagiarize!",
 "parent":"timed_advancements:day_four/extinguisher",
 "display":{
  "icon":{
   "item": "minecraft:player_head",
   "nbt":"{SkullOwner:{Id:\"807f287f-6499-4e93-a887-0a298ab3091f\",Properties:{textures:[{Value:\"eyJ0ZXh0dXJlcyI6eyJTS0lOIjp7InVybCI6Imh0dHA6Ly90ZXh0dXJlcy5taW5lY3JhZnQubmV0L3RleHR1cmUvOGI2YTcyMTM4ZDY5ZmJiZDJmZWEzZmEyNTFjYWJkODcxNTJlNGYxYzk3ZTVmOTg2YmY2ODU1NzFkYjNjYzAifX19\"}]}}}"},
  "title":{
   "text": "Pack 4: Ghast Tennis",
   "color": "green"},
  "description":{
   "text": "Kill at least 10 ghasts using their own fireballs!\nTip: Check hints if you are having troubles!\nReward:\n - 500 Experience",
   "color": "light_purple"},
  "frame": "challenge",
  "show_toast": true,
  "announce_to_chat": false,
  "hidden": false},
 
 "criteria":{
  "command":{
   "trigger": "minecraft:impossible"}
  },
 "requirements":[
				 ["command"]
				],
 "rewards":{
  "function":"timed_advancements:count",
  "experience":500}
}