{
 "comment":"Datapack made by TheDiamondPlayables! Don't Plagiarize!",
 "parent":"timed_advancements:day_four/root",
 "display":{
  "icon":{
   "item": "minecraft:rail"},
  "title":{
   "text": "Pack 4: Rollercoaster",
   "color": "green"},
  "description":{
   "text": "Travel a horizontal distance of at least 500 blocks on a Minecart!\nReward:\n - 120 Experience",
   "color": "yellow"},
  "frame": "goal",
  "show_toast": true,
  "announce_to_chat": false,
  "hidden": false},
 
 "criteria":{
  "command":{
   "trigger": "minecraft:impossible"}
  },
 "requirements":[
				 ["command"]
				],
 "rewards":{
  "function":"timed_advancements:count",
  "experience":120}
}