{
 "comment":"Datapack made by TheDiamondPlayables! Don't Plagiarize!",
 "display":{
  "icon":{
   "item": "minecraft:player_head",
   "nbt":"{SkullOwner:{Id:\"3380511f-879b-4301-a10d-109ab30e7b3f\",Properties:{textures:[{Value:\"eyJ0ZXh0dXJlcyI6eyJTS0lOIjp7InVybCI6Imh0dHA6Ly90ZXh0dXJlcy5taW5lY3JhZnQubmV0L3RleHR1cmUvMzgzOWVhZjllZTA3NjcwNjA3ZDNkYTRkNmMxZDMwZmU1OWRiNTY0NThmYWQ1ZjU1YjU0MTJkNTZiM2RlYjU1OSJ9fX0=\"}]}}}"},
  "title":{
   "text": "Timed Advancements: Pack 4",
   "color": "aqua"},
  "description":{
   "text": "Total Number Of Advancements: 11\nTime to complete all: 70 Minutes",
   "color": "green"},
  "frame": "task",
  "show_toast": true,
  "announce_to_chat": false,
  "hidden": false,
  "background": "minecraft:textures/block/red_nether_bricks.png"},
 
 "criteria":{
  "command":{
   "trigger": "minecraft:impossible"}
  },
 "requirements":[
				 ["command"]
				],
 "rewards":{
  "function":"timed_advancements:advancements/day_four/tag"}
}