{
 "comment":"Datapack made by TheDiamondPlayables! Don't Plagiarize!",
 "parent":"timed_advancements:day_four/root",
 "display":{
  "icon":{
   "item": "minecraft:player_head",
   "nbt":"{SkullOwner:{Id:\"2f169660-61be-46bd-acb5-1abef9fe5731\",Properties:{textures:[{Value:\"eyJ0ZXh0dXJlcyI6eyJTS0lOIjp7InVybCI6Imh0dHA6Ly90ZXh0dXJlcy5taW5lY3JhZnQubmV0L3RleHR1cmUvYzNmN2NjZjYxZGJjM2Y5ZmU5YTYzMzNjZGUwYzBlMTQzOTllYjJlZWE3MWQzNGNmMjIzYjNhY2UyMjA1MSJ9fX0=\"}]}}}"},
  "title":{
   "text": "Pack 4: Underwater Combat",
   "color": "green"},
  "description":{
   "text": "Kill at least 10 drowned underwater without water breathing effect!\nReward:\n - 120 Experience",
   "color": "yellow"},
  "frame": "goal",
  "show_toast": true,
  "announce_to_chat": false,
  "hidden": false},
 
 "criteria":{
  "command":{
   "trigger": "minecraft:impossible"}
  },
 "requirements":[
				 ["command"]
				],
 "rewards":{
  "function":"timed_advancements:count",
  "experience":120}
}