{
 "comment":"Datapack made by TheDiamondPlayables! Don't Plagiarize!",
 "parent":"timed_advancements:day_four/netherminer",
 "display":{
  "icon":{
   "item": "minecraft:oak_log"},
  "title":{
   "text": "Pack 4: Woodworker",
   "color": "green"},
  "description":{
   "text": "Chop at least 256 wood logs!\nReward:\n - 150 Experience",
   "color": "yellow"},
  "frame": "goal",
  "show_toast": true,
  "announce_to_chat": false,
  "hidden": false},
 
 "criteria":{
  "command":{
   "trigger": "minecraft:impossible"}
  },
 "requirements":[
				 ["command"]
				],
 "rewards":{
  "function":"timed_advancements:count",
  "experience":150}
}