{
 "display":{
  "icon":{
   "item": "minecraft:player_head",
   "nbt":"{display:{Name:\"{\\\"text\\\":\\\"Day Five\\\"}\"},SkullOwner:{Id:\"ad28dfda-67bf-46aa-b033-750e89e6cabc\",Properties:{textures:[{Value:\"eyJ0ZXh0dXJlcyI6eyJTS0lOIjp7InVybCI6Imh0dHA6Ly90ZXh0dXJlcy5taW5lY3JhZnQubmV0L3RleHR1cmUvZTgxNDBlYzQ4NDU2MzFhODlmZmU4MzQ0YWU5OGQxMDQ5YjgyYzIxNTkzOTMyOTBiZDM4YThhMDA4NDY1YjNkOSJ9fX0=\"}]}}}"},
  "title":{
   "text": "Daily Advancements: Day Five",
   "color": "aqua"},
  "description":{
   "text": "Complete all objectives ...\nor wait 20 minutes to skip to another advancement pack!",
   "color": "green"},
  "frame": "task",
  "show_toast": true,
  "announce_to_chat": false,
  "hidden": false,
  "background": "minecraft:textures/block/white_concrete_powder.png"},
 
 "criteria":{
  "command":{
   "trigger": "minecraft:impossible"}
  },
 "requirements":[
				 ["command"]
				],
 "rewards":{
  "function":"da_mainframe:execute/day_five/tag"}
}