{
 "comment":"Datapack made by TheDiamondPlayables! Don't Plagiarize!",
 "parent":"timed_advancements:day_two/fish_in_a_barrel",
 "display":{
  "icon":{
   "item": "minecraft:wheat"},
  "title":{
   "text": "Pack 2:Breeder",
   "color": "green"},
  "description":{
   "text": "Breed at least 5 sets of animals!\nReward:\n - 100 Experience",
   "color": "yellow"},
  "frame": "goal",
  "show_toast": true,
  "announce_to_chat": false,
  "hidden": false},
 
 "criteria":{
  "command":{
   "trigger": "minecraft:impossible"}
  },
 "requirements":[
				 ["command"]
				],
 "rewards":{
  "function":"timed_advancements:count",
  "experience":150}
}