{
 "comment":"Datapack made by TheDiamondPlayables! Don't Plagiarize!",
 "parent":"timed_advancements:day_two/good_food",
 "display":{
  "icon":{
   "item": "minecraft:shield"},
  "title":{
   "text": "Pack 2:Defenceless",
   "color": "green"},
  "description":{
   "text": "Break a shield while in combat!\nReward:\n - 150 Experience",
   "color": "light_purple"},
  "frame": "challenge",
  "show_toast": true,
  "announce_to_chat": false,
  "hidden": false},
 
 "criteria":{
  "command":{
   "trigger": "minecraft:impossible"}
  },
 "requirements":[
				 ["command"]
				],
 "rewards":{
  "function":"timed_advancements:count",
  "experience":150}
}