{
 "comment":"Datapack made by TheDiamondPlayables! Don't Plagiarize!",
 "parent":"timed_advancements:day_two/spider_slayer",
 "display":{
  "icon":{
   "item": "minecraft:golden_axe"},
  "title":{
   "text": "Pack 2:Golden Era",
   "color": "green"},
  "description":{
   "text": "Break a full set of golden tools!\nReward:\n - 125 Experience",
   "color": "yellow"},
  "frame": "goal",
  "show_toast": true,
  "announce_to_chat": false,
  "hidden": false},
 
 "criteria":{
  "command":{
   "trigger": "minecraft:impossible"}
  },
 "requirements":[
				 ["command"]
				],
 "rewards":{
  "function":"timed_advancements:count",
  "experience":125}
}