{
 "comment":"Datapack made by TheDiamondPlayables! Don't Plagiarize!",
 "parent":"timed_advancements:day_two/root",
 "display":{
  "icon":{
   "item": "minecraft:cooked_beef"},
  "title":{
   "text": "Pack 2:Good Food",
   "color": "green"},
  "description":{
   "text": "Eat at least 10 foodstuff!\nReward:\n - 100 Experience",
   "color": "yellow"},
  "frame": "goal",
  "show_toast": true,
  "announce_to_chat": false,
  "hidden": false},
 
 "criteria":{
  "command":{
   "trigger": "minecraft:impossible"}
  },
 "requirements":[
				 ["command"]
				],
 "rewards":{
  "function":"timed_advancements:count",
  "experience":100}
}