{
 "comment":"Datapack made by TheDiamondPlayables! Don't Plagiarize!",
 "display":{
  "icon":{
   "item": "minecraft:player_head",
   "nbt":"{SkullOwner:{Id:\"9000dd5d-fe9a-40f9-8724-5f9165616929\",Properties:{textures:[{Value:\"eyJ0ZXh0dXJlcyI6eyJTS0lOIjp7InVybCI6Imh0dHA6Ly90ZXh0dXJlcy5taW5lY3JhZnQubmV0L3RleHR1cmUvZTNjYTdkN2MxNTM0ZGM2YjllZDE2NDdmOTAyNWRkZjI0NGUwMTA3ZGM4ZGQ0ZjRmMDg1MmM4MjA4MWQ2MzUwZSJ9fX0=\"}]}}}"},
  "title":{
   "text": "Timed Advancements: Pack 2",
   "color": "aqua"},
  "description":{
   "text": "Total Number Of Advancements: 9\nTime to complete all: 35 Minutes",
   "color": "green"},
  "frame": "task",
  "show_toast": true,
  "announce_to_chat": false,
  "hidden": false,
  "background": "minecraft:textures/block/grass_path_top.png"},
 
 "criteria":{
  "command":{
   "trigger": "minecraft:impossible"}
  },
 "requirements":[
				 ["command"]
				],
 "rewards":{
  "function":"timed_advancements:advancements/day_two/tag"}
}