{
 "comment":"Datapack made by TheDiamondPlayables! Don't Plagiarize!",
 "parent":"timed_advancements:day_two/root",
 "display":{
  "icon":{
   "item": "minecraft:totem_of_undying"},
  "title":{
   "text": "Pack 2:Survivor",
   "color": "green"},
  "description":{
   "text": "Survive until time runs out!\nReward:\n - 300 Experience",
   "color": "light_purple"},
  "frame": "challenge",
  "show_toast": true,
  "announce_to_chat": false,
  "hidden": false},
 
 "criteria":{
  "command":{
   "trigger": "minecraft:impossible"}
  },
 "requirements":[
				 ["command"]
				],
 "rewards":{
  "function":"timed_advancements:count",
  "experience":300}
}