{
 "comment":"Datapack made by TheDiamondPlayables! Don't Plagiarize!",
 "parent":"timed_advancements:day_one/survivor",
 "display":{
  "icon":{
   "item": "minecraft:writable_book"},
   "title":{
   "text": "Pack 1: All Done",
   "color": "green"},
  "description":{
   "text": "Complete All Advancements in this advancement pack!\n(apart from this one)\nReward:\n - 300 Experience\n - Pack 1: Loot Crate",
   "color": "green"},
  "frame": "task",
  "show_toast": true,
  "announce_to_chat": false,
  "hidden": false},
 
 "criteria":{
  "command":{
   "trigger": "minecraft:impossible"}
  },
 "requirements":[
				 ["command"]
				],
 "rewards":{
  "experience":300,
  "function":"timed_advancements:advancements/day_one/lootchest"}
}