{
 "comment":"Datapack made by TheDiamondPlayables! Don't Plagiarize!",
 "parent":"timed_advancements:day_one/woodcutter",
 "display":{
  "icon":{
   "item": "minecraft:stone_sword"},
   "title":{
   "text": "Pack 1: Hunter",
   "color": "green"},
  "description":{
   "text": "Go hunting and kill at least 5 cows and 3 sheep!\nReward:\n - 125 Experience",
   "color": "yellow"},
  "frame": "goal",
  "show_toast": true,
  "announce_to_chat": false,
  "hidden": false},
 
 "criteria":{
  "command":{
   "trigger": "minecraft:impossible"}
  },
 "requirements":[
				 ["command"]
				],
 "rewards":{
  "experience":125,
  "function":"timed_advancements:count"}
}