{
 "comment":"Datapack made by TheDiamondPlayables! Don't Plagiarize!",
 "parent":"timed_advancements:day_one/root",
 "display":{
  "icon":{
   "item": "minecraft:iron_ingot"},
   "title":{
   "text": "Pack 1: Iron Age",
   "color": "green"},
  "description":{
   "text": "Manually smelt at least 16 Iron Ore!\nReward:\n - 100 Experience",
   "color": "green"},
  "frame": "task",
  "show_toast": true,
  "announce_to_chat": false,
  "hidden": false},
 
 "criteria":{
  "command":{
   "trigger": "minecraft:impossible"}
  },
 "requirements":[
				 ["command"]
				],
 "rewards":{
  "experience":100,
  "function":"timed_advancements:count"}
}