{
 "display":{
  "icon":{
   "item": "minecraft:player_head",
   "nbt":"{SkullOwner:{Id:\"09201882-f3e9-4267-aedb-f9a1e039009e\",Properties:{textures:[{Value:\"eyJ0ZXh0dXJlcyI6eyJTS0lOIjp7InVybCI6Imh0dHA6Ly90ZXh0dXJlcy5taW5lY3JhZnQubmV0L3RleHR1cmUvZDliMzAzMDNmOTRlN2M3ODVhMzFlNTcyN2E5MzgxNTM1ZGFmNDc1MzQ0OWVhNDFkYjc0NmUxMjM0ZTlkZDJiNSJ9fX0=\"}]}}}"},
  "title":{
   "text": "Timed Advancements: Pack 1",
   "color": "aqua"},
  "description":{
   "text": "Total Number of Advancements: 7\nTime to complete all: 25 Minutes",
   "color": "green"},
  "frame": "task",
  "show_toast": true,
  "announce_to_chat": false,
  "hidden": false,
  "background": "minecraft:textures/block/cobblestone.png"},
 
 "criteria":{
  "command":{
   "trigger": "minecraft:impossible"}
  },
 "requirements":[
				 ["command"]
				],
 "rewards":{
  "function":"timed_advancements:advancements/day_one/tag"}
}