{
 "comment":"Datapack made by TheDiamondPlayables! Don't Plagiarize!",
 "parent":"timed_advancements:day_one/iron_age",
 "display":{
  "icon":{
   "item": "minecraft:stone_pickaxe"},
   "title":{
   "text": "Pack 1: Stone Miner",
   "color": "green"},
  "description":{
   "text": "Mine at least 256 stone blocks!\nReward:\n - 150 Experience",
   "color": "yellow"},
  "frame": "goal",
  "show_toast": true,
  "announce_to_chat": false,
  "hidden": false},
 
 "criteria":{
  "command":{
   "trigger": "minecraft:impossible"}
  },
 "requirements":[
				 ["command"]
				],
 "rewards":{
  "experience":150,
  "function":"timed_advancements:count"}
}