{
 "comment":"Datapack made by TheDiamondPlayables! Don't Plagiarize!",
 "parent":"timed_advancements:day_one/root",
 "display":{
  "icon":{
   "item": "minecraft:wooden_axe"},
   "title":{
   "text": "Pack 1: Woodcutter",
   "color": "green"},
  "description":{
   "text": "Chop down at least 32 wood logs!\nReward:\n - 75 Experience",
   "color": "green"},
  "frame": "task",
  "show_toast": true,
  "announce_to_chat": false,
  "hidden": false},
 
 "criteria":{
  "command":{
   "trigger": "minecraft:impossible"}
  },
 "requirements":[
				 ["command"]
				],
 "rewards":{
  "experience":75,
  "function":"timed_advancements:count"}
}