{
 "comment":"Datapack made by TheDiamondPlayables! Don't Plagiarize!",
 "criteria":{
  "kill_ghast_with_fireball":{
   "trigger": "minecraft:player_killed_entity",
   "conditions":{
				 "entity":{
						   "type":"minecraft:ghast"
						  },
				 "killing_blow":{
								 "is_projectile": true,
								 "direct_entity": {
													"type": "minecraft:fireball"
												  }
								}
				}
		  }
  },
 "requirements":[
				 ["kill_ghast_with_fireball"]
				],
 "rewards":{
  "function": "timed_advancements:advancements/global/specials/kill_ghast_with_fireball"}
}