{
 "comment":"Datapack made by TheDiamondPlayables! Don't Plagiarize!",
 "criteria":{
  "shoot_cod":{
   "trigger": "minecraft:player_killed_entity",
   "conditions":{
				 "entity":{
						   "type":"minecraft:cod"
						  },
				 "killing_blow":{
								 "direct_entity":{
												  "type":"minecraft:arrow"
												 }
								}
				}
		      },
  "shoot_salmon":{
   "trigger": "minecraft:player_killed_entity",
   "conditions":{
				 "entity":{
						   "type":"minecraft:salmon"
						  },
				 "killing_blow":{
								 "direct_entity":{
												  "type":"minecraft:arrow"
												 }
								}
				}
		      },
  "shoot_pufferfish":{
   "trigger": "minecraft:player_killed_entity",
   "conditions":{
				 "entity":{
						   "type":"minecraft:pufferfish"
						  },
				 "killing_blow":{
								 "direct_entity":{
												  "type":"minecraft:arrow"
												 }
								}
				}
		      },
  "shoot_tropical_fish":{
   "trigger": "minecraft:player_killed_entity",
   "conditions":{
				 "entity":{
						   "type":"minecraft:tropical_fish"
						  },
				 "killing_blow":{
								 "direct_entity":{
												  "type":"minecraft:arrow"
												 }
								}
				}
		      },
  "shoot_dolphin":{
   "trigger": "minecraft:player_killed_entity",
   "conditions":{
				 "entity":{
						   "type":"minecraft:dolphin"
						  },
				 "killing_blow":{
								 "direct_entity":{
												  "type":"minecraft:arrow"
												 }
								}
				}
		      },
  "shoot_squid":{
   "trigger": "minecraft:player_killed_entity",
   "conditions":{
				 "entity":{
						   "type":"minecraft:squid"
						  },
				 "killing_blow":{
								 "direct_entity":{
												  "type":"minecraft:arrow"
												 }
								}
				}
		      }
  },
 "requirements":[
				 ["shoot_cod",
				  "shoot_salmon",
				  "shoot_pufferfish",
				  "shoot_tropical_fish",
				  "shoot_dolphin",
				  "shoot_squid"]
				],
 "rewards":{
  "function": "timed_advancements:advancements/global/specials/shoot_fish"}
}