{
 "comment":"Datapack made by TheDiamondPlayables! Don't Plagiarize!",
 "parent":"timed_advancements:day_three/root",
 "display":{
  "icon":{
   "item": "minecraft:diamond_pickaxe"},
  "title":{
   "text": "Pack 3: Diamond Miner",
   "color": "green"},
  "description":{
   "text": "Mine at least 4 Diamond Ore\nTip: Check hints if you can't find any!\nReward:\n - 125 Experience",
   "color": "yellow"},
  "frame": "goal",
  "show_toast": true,
  "announce_to_chat": false,
  "hidden": false},
 
 "criteria":{
  "command":{
   "trigger": "minecraft:impossible"}
  },
 "requirements":[
				 ["command"]
				],
 "rewards":{
  "function":"timed_advancements:count",
  "experience":125}
}