{
 "comment":"Datapack made by TheDiamondPlayables! Don't Plagiarize!",
 "parent":"timed_advancements:day_three/root",
 "display":{
  "icon":{
   "item": "minecraft:white_banner"},
  "title":{
   "text": "Pack 3: Flagworker",
   "color": "green"},
  "description":{
   "text": "Craft at least 10 banners!\nReward:\n - 75 Experience",
   "color": "green"},
  "frame": "task",
  "show_toast": true,
  "announce_to_chat": false,
  "hidden": false},
 
 "criteria":{
  "command":{
   "trigger": "minecraft:impossible"}
  },
 "requirements":[
				 ["command"]
				],
 "rewards":{
  "function":"timed_advancements:count",
  "experience":75}
}