{
 "comment":"Datapack made by TheDiamondPlayables! Don't Plagiarize!",
 "display":{
  "icon":{
   "item": "minecraft:player_head",
   "nbt":"{SkullOwner:{Id:\"29845bee-1871-46e3-9032-570e97ccf47e\",Properties:{textures:[{Value:\"eyJ0ZXh0dXJlcyI6eyJTS0lOIjp7InVybCI6Imh0dHA6Ly90ZXh0dXJlcy5taW5lY3JhZnQubmV0L3RleHR1cmUvMTk1ZTFlMmZiMmRlN2U2Mjk5YTBmNjFkZGY3ZDlhNmQxMDFmOGQ2NjRmMTk1OWQzYjY3ZGNlOGIwNDlhOGFlMSJ9fX0=\"}]}}}"},
  "title":{
   "text": "Timed Advancements: Pack 3",
   "color": "aqua"},
  "description":{
   "text": "Total Number Of Advancements: 9\nTime to complete all: 45 Minutes",
   "color": "green"},
  "frame": "task",
  "show_toast": true,
  "announce_to_chat": false,
  "hidden": false,
  "background": "minecraft:textures/block/light_blue_concrete.png"},
 
 "criteria":{
  "command":{
   "trigger": "minecraft:impossible"}
  },
 "requirements":[
				 ["command"]
				],
 "rewards":{
  "function":"timed_advancements:advancements/day_three/tag"}
}