{
 "comment":"Datapack made by TheDiamondPlayables! Don't Plagiarize!",
 "parent":"timed_advancements:day_three/top_of_the_world",
 "display":{
  "icon":{
   "item": "minecraft:bow"},
  "title":{
   "text": "Pack 3: Sniper",
   "color": "green"},
  "description":{
   "text": "Shoot at least 10 entities from at least 30 blocks away!\nTip: Check hints if you find any difficulties in doing that!\nReward:\n - 225 Experience",
   "color": "light_purple"},
  "frame": "challenge",
  "show_toast": true,
  "announce_to_chat": false,
  "hidden": false},
 
 "criteria":{
  "command":{
   "trigger": "minecraft:impossible"}
  },
 "requirements":[
				 ["command"]
				],
 "rewards":{
  "function":"timed_advancements:count",
  "experience":225}
}