{
 "comment":"Datapack made by TheDiamondPlayables! Don't Plagiarize!",
 "parent":"timed_advancements:day_three/diamond_miner",
 "display":{
  "icon":{
   "item": "minecraft:enchanting_table"},
  "title":{
   "text": "Pack 3: Spellcaster",
   "color": "green"},
  "description":{
   "text": "Use an enchanting table to enchant at least 5 items!\nReward:\n - 80 Experience",
   "color": "green"},
  "frame": "task",
  "show_toast": true,
  "announce_to_chat": false,
  "hidden": false},
 
 "criteria":{
  "command":{
   "trigger": "minecraft:impossible"}
  },
 "requirements":[
				 ["command"]
				],
 "rewards":{
  "function":"timed_advancements:count",
  "experience":80}
}