{
 "comment":"Datapack made by TheDiamondPlayables! Don't Plagiarize!",
 "parent":"timed_advancements:day_three/root",
 "display":{
  "icon":{
   "item": "minecraft:ladder"},
  "title":{
   "text": "Pack 3: Top Of The World",
   "color": "green"},
  "description":{
   "text": "Reach y=256!\nReward:\n - 120 Experience",
   "color": "green"},
  "frame": "task",
  "show_toast": true,
  "announce_to_chat": false,
  "hidden": false},
 
 "criteria":{
  "command":{
   "trigger": "minecraft:impossible"}
  },
 "requirements":[
				 ["command"]
				],
 "rewards":{
  "function":"timed_advancements:count",
  "experience":120}
}