{
 "comment":"Datapack made by TheDiamondPlayables! Don't Plagiarize!",
 "parent":"timed_advancements:day_three/flagworker",
 "display":{
  "icon":{
   "item": "minecraft:fishing_rod"},
  "title":{
   "text": "Pack 3: Underwater Fishing",
   "color": "green"},
  "description":{
   "text": "Catch at least 8 fishes with a fishing rod ... underwater! (without water breathing effect)\nReward:\n - 150 Experience",
   "color": "yellow"},
  "frame": "goal",
  "show_toast": true,
  "announce_to_chat": false,
  "hidden": false},
 
 "criteria":{
  "command":{
   "trigger": "minecraft:impossible"}
  },
 "requirements":[
				 ["command"]
				],
 "rewards":{
  "function":"timed_advancements:count",
  "experience":150}
}