{
 "display":{
  "icon":{
   "item": "minecraft:player_head",
   "nbt":"{display:{Name:\"{\\\"text\\\":\\\"Day Seven\\\"}\"},SkullOwner:{Id:\"6c33dea9-a139-4ace-8eab-94e5ee388ce3\",Properties:{textures:[{Value:\"eyJ0ZXh0dXJlcyI6eyJTS0lOIjp7InVybCI6Imh0dHA6Ly90ZXh0dXJlcy5taW5lY3JhZnQubmV0L3RleHR1cmUvNjRjMmQ2Y2JkZmYwMGI5N2FmN2Y4Y2ZlODc2N2ZkODdjZDY1NjM5YWJkZjgzZWMxMDM5YTQ2NDE1ZTY5ZTM5OCJ9fX0=\"}]}}}"},
  "title":{
   "text": "Daily Advancements: Day Seven",
   "color": "aqua"},
  "description":{
   "text": "Complete all objectives ...\nor wait 20 minutes to skip to another advancement pack!",
   "color": "green"},
  "frame": "task",
  "show_toast": true,
  "announce_to_chat": false,
  "hidden": false,
  "background": "minecraft:textures/block/cyan_concrete_powder.png"},
 
 "criteria":{
  "command":{
   "trigger": "minecraft:impossible"}
  },
 "requirements":[
				 ["command"]
				],
 "rewards":{
  "function":"da_mainframe:execute/day_seven/tag"}
}