{
 "display":{
  "icon":{
   "item": "minecraft:player_head",
   "nbt":"{display:{Name:\"{\\\"text\\\":\\\"Day Six\\\"}\"},SkullOwner:{Id:\"d9a6b2cb-936f-4890-aec5-12401c987caf\",Properties:{textures:[{Value:\"eyJ0ZXh0dXJlcyI6eyJTS0lOIjp7InVybCI6Imh0dHA6Ly90ZXh0dXJlcy5taW5lY3JhZnQubmV0L3RleHR1cmUvOGViZjliNmE2YzRlYjBjYmZkMGEzZDM3YzM0YzQ1ODYwNjgxZjEzZjcyNzBmMTMzN2ZkMTM2YTcwMTE4OThmMCJ9fX0=\"}]}}}"},
  "title":{
   "text": "Daily Advancements: Day Six",
   "color": "aqua"},
  "description":{
   "text": "Complete all objectives ...\nor wait 20 minutes to skip to another advancement pack!",
   "color": "green"},
  "frame": "task",
  "show_toast": true,
  "announce_to_chat": false,
  "hidden": false,
  "background": "minecraft:textures/block/light_gray_concrete_powder.png"},
 
 "criteria":{
  "command":{
   "trigger": "minecraft:impossible"}
  },
 "requirements":[
				 ["command"]
				],
 "rewards":{
  "function":"da_mainframe:execute/day_six/tag"}
}