{
 "pools":[
		  {"rolls":{"min":1,"max":2},
		   "bonus_rolls":{"min":0,"max":2},
		   "entries":[
					  {"type":"item",
					   "name":"minecraft:iron_ore",
					   "weight":4,
					   "functions":[
									{"function":"set_count",
									 "count":{"min":5,"max":14}
									}
								   ]},
					  {"type":"item",
					   "name":"minecraft:iron_ingot",
					   "weight":3,
					   "functions":[
									{"function":"set_count",
									 "count":{"min":5,"max":14}
									}
								   ]}
					 ]
		  },
		  {"rolls":{"min":1,"max":2},
		   "bonus_rolls":{"min":0,"max":2},
		   "entries":[
					  {"type":"item",
					   "name":"minecraft:diamond_ore",
					   "weight":1,
					   "functions":[
									{"function":"set_count",
									 "count":{"min":1,"max":5}
									}
								   ]},
					  {"type":"item",
					   "name":"minecraft:diamond",
					   "weight":2,
					   "functions":[
									{"function":"set_count",
									 "count":{"min":3,"max":6}
									}
								   ]}
					 ]
		  },
		  {"rolls":{"min":1,"max":2},
		   "bonus_rolls":{"min":0,"max":2},
		   "entries":[
					  {"type":"item",
					   "name":"minecraft:gold_ore",
					   "weight":4,
					   "functions":[
									{"function":"set_count",
									 "count":{"min":7,"max":12}
									}
								   ]},
					  {"type":"item",
					   "name":"minecraft:gold_ingot",
					   "weight":3,
					   "functions":[
									{"function":"set_count",
									 "count":{"min":7,"max":12}
									}
								   ]}
					 ]
		  },
		  {"rolls":{"min":1,"max":3},
		   "bonus_rolls":{"min":0,"max":2},
		   "entries":[
					  {"type":"item",
					   "name":"minecraft:book",
					   "weight":6,
					   "functions":[
									{"function":"enchant_with_levels",
									 "treasure":true,
									 "levels":{"min":25,"max":30}
									}
								   ]},
					  {"type":"item",
					   "name":"minecraft:enchanted_golden_apple",
					   "weight":1,
					   "functions":[
									{"function":"set_count",
									 "count":{"min":1,"max":2}
									}
								   ]},
					  {"type":"item",
					   "name":"minecraft:name_tag",
					   "weight":2,
					   "functions":[
									{"function":"set_count",
									 "count":{"min":1,"max":3}
									}
								   ]},
					  {"type":"item",
					   "name":"minecraft:saddle",
					   "weight":3,
					   "functions":[
									{"function":"set_count",
									 "count":{"min":1,"max":2}
									}
								   ]}
					 ]
		  },
		  {"rolls":{"min":1,"max":2},
		   "bonus_rolls":{"min":0,"max":2},
		   "entries":[
					  {"type":"item",
					   "name":"minecraft:lapis_ore",
					   "weight":3,
					   "functions":[
									{"function":"set_count",
									 "count":{"min":5,"max":10}
									}
								   ]},
					  {"type":"item",
					   "name":"minecraft:lapis_lazuli",
					   "weight":4,
					   "functions":[
									{"function":"set_count",
									 "count":{"min":8,"max":15}
									}
								   ]}
					 ]
		  },
		  {"rolls":{"min":1,"max":2},
		   "bonus_rolls":{"min":0,"max":2},
		   "entries":[
					  {"type":"item",
					   "name":"minecraft:redstone_ore",
					   "weight":3,
					   "functions":[
									{"function":"set_count",
									 "count":{"min":7,"max":11}
									}
								   ]},
					  {"type":"item",
					   "name":"minecraft:redstone",
					   "weight":4,
					   "functions":[
									{"function":"set_count",
									 "count":{"min":8,"max":20}
									}
								   ]}
					 ]
		  },
		  {"rolls":{"min":1,"max":2},
		   "bonus_rolls":{"min":0,"max":2},
		   "entries":[
					  {"type":"item",
					   "name":"minecraft:emerald_ore",
					   "weight":3,
					   "functions":[
									{"function":"set_count",
									 "count":{"min":2,"max":5}
									}
								   ]},
					  {"type":"item",
					   "name":"minecraft:emerald",
					   "weight":4,
					   "functions":[
									{"function":"set_count",
									 "count":{"min":3,"max":8}
									}
								   ]}
					 ]
		  },
		  {"rolls":1,
		   "entries":[
					  {
					   "type": "item",
					   "name": "minecraft:player_head",
					   "weight": 100,
					   "functions": [
									 {
									  "function": "set_name",
									  "name":{
											  "text":"Pack 3 Trophy",
											  "color":"light_purple",
											  "bold":"true",
											  "italic":"false"
											 }
									 },
									 {
									  "function": "set_nbt",
									  "tag": "{SkullOwner:{Id:\"29845bee-1871-46e3-9032-570e97ccf47e\",Properties:{textures:[{Value:\"eyJ0ZXh0dXJlcyI6eyJTS0lOIjp7InVybCI6Imh0dHA6Ly90ZXh0dXJlcy5taW5lY3JhZnQubmV0L3RleHR1cmUvMTk1ZTFlMmZiMmRlN2U2Mjk5YTBmNjFkZGY3ZDlhNmQxMDFmOGQ2NjRmMTk1OWQzYjY3ZGNlOGIwNDlhOGFlMSJ9fX0=\"}]}}}"
									 }
									]
					  }
					 ]}
		 ]
}