{
 "pools":[
		  {"rolls":{"min":1,"max":2},
		   "bonus_rolls":{"min":0,"max":2},
		   "entries":[
					  {"type":"item",
					   "name":"minecraft:iron_ore",
					   "weight":4,
					   "functions":[
									{"function":"set_count",
									 "count":{"min":5,"max":11}
									}
								   ]},
					  {"type":"item",
					   "name":"minecraft:iron_ingot",
					   "weight":3,
					   "functions":[
									{"function":"set_count",
									 "count":{"min":5,"max":11}
									}
								   ]}
					 ]
		  },
		  {"rolls":{"min":1,"max":2},
		   "bonus_rolls":{"min":0,"max":2},
		   "entries":[
					  {"type":"item",
					   "name":"minecraft:diamond_ore",
					   "weight":1,
					   "functions":[
									{"function":"set_count",
									 "count":{"min":1,"max":3}
									}
								   ]},
					  {"type":"item",
					   "name":"minecraft:diamond",
					   "weight":2,
					   "functions":[
									{"function":"set_count",
									 "count":{"min":2,"max":4}
									}
								   ]}
					 ]
		  },
		  {"rolls":{"min":1,"max":2},
		   "bonus_rolls":{"min":0,"max":2},
		   "entries":[
					  {"type":"item",
					   "name":"minecraft:gold_ore",
					   "weight":4,
					   "functions":[
									{"function":"set_count",
									 "count":{"min":6,"max":9}
									}
								   ]},
					  {"type":"item",
					   "name":"minecraft:gold_ingot",
					   "weight":3,
					   "functions":[
									{"function":"set_count",
									 "count":{"min":6,"max":9}
									}
								   ]}
					 ]
		  },
		  {"rolls":{"min":1,"max":2},
		   "bonus_rolls":{"min":0,"max":2},
		   "entries":[
					  {"type":"item",
					   "name":"minecraft:book",
					   "weight":6,
					   "functions":[
									{"function":"enchant_with_levels",
									 "treasure":true,
									 "levels":{"min":20,"max":30}
									}
								   ]},
					  {"type":"item",
					   "name":"minecraft:enchanted_golden_apple",
					   "weight":1,
					   "functions":[
									{"function":"set_count",
									 "count":{"min":1,"max":2}
									}
								   ]},
					  {"type":"item",
					   "name":"minecraft:name_tag",
					   "weight":2,
					   "functions":[
									{"function":"set_count",
									 "count":{"min":1,"max":3}
									}
								   ]}
					 ]
		  },
		  {"rolls":{"min":1,"max":2},
		   "bonus_rolls":{"min":0,"max":2},
		   "entries":[
					  {"type":"item",
					   "name":"minecraft:lapis_ore",
					   "weight":3,
					   "functions":[
									{"function":"set_count",
									 "count":{"min":4,"max":8}
									}
								   ]},
					  {"type":"item",
					   "name":"minecraft:lapis_lazuli",
					   "weight":4,
					   "functions":[
									{"function":"set_count",
									 "count":{"min":6,"max":13}
									}
								   ]}
					 ]
		  },
		  {"rolls":{"min":1,"max":2},
		   "bonus_rolls":{"min":0,"max":2},
		   "entries":[
					  {"type":"item",
					   "name":"minecraft:redstone_ore",
					   "weight":3,
					   "functions":[
									{"function":"set_count",
									 "count":{"min":5,"max":9}
									}
								   ]},
					  {"type":"item",
					   "name":"minecraft:redstone",
					   "weight":4,
					   "functions":[
									{"function":"set_count",
									 "count":{"min":6,"max":17}
									}
								   ]}
					 ]
		  },
		  {"rolls":1,
		   "entries":[
					  {
					   "type": "item",
					   "name": "minecraft:player_head",
					   "weight": 100,
					   "functions": [
									 {
									  "function": "set_name",
									  "name":{
											  "text":"Pack 2 Trophy",
											  "color":"light_purple",
											  "bold":"true",
											  "italic":"false"
											 }
									 },
									 {
									  "function": "set_nbt",
									  "tag": "{SkullOwner:{Id:\"9000dd5d-fe9a-40f9-8724-5f9165616929\",Properties:{textures:[{Value:\"eyJ0ZXh0dXJlcyI6eyJTS0lOIjp7InVybCI6Imh0dHA6Ly90ZXh0dXJlcy5taW5lY3JhZnQubmV0L3RleHR1cmUvZTNjYTdkN2MxNTM0ZGM2YjllZDE2NDdmOTAyNWRkZjI0NGUwMTA3ZGM4ZGQ0ZjRmMDg1MmM4MjA4MWQ2MzUwZSJ9fX0=\"}]}}}"
									 }
									]
					  }
					 ]}
		 ]
}