{
 "pools":[
		  {"rolls":{"min":1,"max":2},
		   "bonus_rolls":{"min":0,"max":2},
		   "entries":[
					  {"type":"item",
					   "name":"minecraft:iron_ore",
					   "weight":4,
					   "functions":[
									{"function":"set_count",
									 "count":{"min":4,"max":10}
									}
								   ]},
					  {"type":"item",
					   "name":"minecraft:iron_ingot",
					   "weight":3,
					   "functions":[
									{"function":"set_count",
									 "count":{"min":4,"max":10}
									}
								   ]}
					 ]
		  },
		  {"rolls":{"min":1,"max":2},
		   "bonus_rolls":{"min":0,"max":2},
		   "entries":[
					  {"type":"item",
					   "name":"minecraft:diamond_ore",
					   "weight":1,
					   "functions":[
									{"function":"set_count",
									 "count":{"min":1,"max":2}
									}
								   ]},
					  {"type":"item",
					   "name":"minecraft:diamond",
					   "weight":2,
					   "functions":[
									{"function":"set_count",
									 "count":{"min":1,"max":3}
									}
								   ]}
					 ]
		  },
		  {"rolls":{"min":1,"max":2},
		   "bonus_rolls":{"min":0,"max":2},
		   "entries":[
					  {"type":"item",
					   "name":"minecraft:gold_ore",
					   "weight":4,
					   "functions":[
									{"function":"set_count",
									 "count":{"min":6,"max":9}
									}
								   ]},
					  {"type":"item",
					   "name":"minecraft:gold_ingot",
					   "weight":3,
					   "functions":[
									{"function":"set_count",
									 "count":{"min":6,"max":9}
									}
								   ]}
					 ]
		  },
		  {"rolls":1,
		   "bonus_rolls":{"min":0,"max":2},
		   "entries":[
					  {"type":"item",
					   "name":"minecraft:book",
					   "weight":3,
					   "functions":[
									{"function":"enchant_with_levels",
									 "treasure":true,
									 "levels":{"min":15,"max":30}
									}
								   ]},
					  {"type":"item",
					   "name":"minecraft:name_tag",
					   "weight":1,
					   "functions":[
									{"function":"set_count",
									 "count":{"min":1,"max":3}
									}
								   ]}
					 ]
		  },
		  {"rolls":1,
		   "entries":[
					  {
					   "type": "item",
					   "name": "minecraft:player_head",
					   "weight": 100,
					   "functions": [
									 {
									  "function": "set_name",
									  "name":{
											  "text":"Pack 1 Trophy",
											  "color":"light_purple",
											  "bold":"true",
											  "italic":"false"
											 }
									 },
									 {
									  "function": "set_nbt",
									  "tag": "{SkullOwner:{Id:\"09201882-f3e9-4267-aedb-f9a1e039009e\",Properties:{textures:[{Value:\"eyJ0ZXh0dXJlcyI6eyJTS0lOIjp7InVybCI6Imh0dHA6Ly90ZXh0dXJlcy5taW5lY3JhZnQubmV0L3RleHR1cmUvZDliMzAzMDNmOTRlN2M3ODVhMzFlNTcyN2E5MzgxNTM1ZGFmNDc1MzQ0OWVhNDFkYjc0NmUxMjM0ZTlkZDJiNSJ9fX0=\"}]}}}"
									 }
									]
					  }
					 ]}
		 ]
}