{
 "pools":[
		  {"rolls":{"min":1,"max":2},
		   "bonus_rolls":{"min":0,"max":2},
		   "entries":[
					  {"type":"item",
					   "name":"minecraft:iron_ore",
					   "weight":4,
					   "functions":[
									{"function":"set_count",
									 "count":{"min":7,"max":15}
									}
								   ]},
					  {"type":"item",
					   "name":"minecraft:iron_ingot",
					   "weight":3,
					   "functions":[
									{"function":"set_count",
									 "count":{"min":7,"max":15}
									}
								   ]}
					 ]
		  },
		  {"rolls":{"min":1,"max":2},
		   "bonus_rolls":{"min":0,"max":2},
		   "entries":[
					  {"type":"item",
					   "name":"minecraft:diamond_ore",
					   "weight":1,
					   "functions":[
									{"function":"set_count",
									 "count":{"min":5,"max":8}
									}
								   ]},
					  {"type":"item",
					   "name":"minecraft:diamond",
					   "weight":2,
					   "functions":[
									{"function":"set_count",
									 "count":{"min":6,"max":10}
									}
								   ]}
					 ]
		  },
		  {"rolls":{"min":1,"max":2},
		   "bonus_rolls":{"min":0,"max":2},
		   "entries":[
					  {"type":"item",
					   "name":"minecraft:gold_ore",
					   "weight":4,
					   "functions":[
									{"function":"set_count",
									 "count":{"min":9,"max":16}
									}
								   ]},
					  {"type":"item",
					   "name":"minecraft:gold_ingot",
					   "weight":3,
					   "functions":[
									{"function":"set_count",
									 "count":{"min":9,"max":16}
									}
								   ]}
					 ]
		  },
		  {"rolls":{"min":1,"max":3},
		   "bonus_rolls":{"min":0,"max":2},
		   "entries":[
					  {"type":"item",
					   "name":"minecraft:book",
					   "weight":6,
					   "functions":[
									{"function":"enchant_with_levels",
									 "treasure":true,
									 "levels":30
									}
								   ]},
					  {"type":"item",
					   "name":"minecraft:enchanted_golden_apple",
					   "weight":1,
					   "functions":[
									{"function":"set_count",
									 "count":{"min":1,"max":2}
									}
								   ]},
					  {"type":"item",
					   "name":"minecraft:name_tag",
					   "weight":2,
					   "functions":[
									{"function":"set_count",
									 "count":{"min":1,"max":3}
									}
								   ]},
					  {"type":"item",
					   "name":"minecraft:saddle",
					   "weight":4,
					   "functions":[
									{"function":"set_count",
									 "count":{"min":1,"max":2}
									}
								   ]},
					  {"type":"item",
					   "name":"minecraft:totem_of_undying",
					   "weight":3,
					   "functions":[
									{"function":"set_count",
									 "count":{"min":1,"max":2}
									}
								   ]}
					 ]
		  },
		  {"rolls":{"min":1,"max":2},
		   "bonus_rolls":{"min":0,"max":2},
		   "entries":[
					  {"type":"item",
					   "name":"minecraft:lapis_ore",
					   "weight":3,
					   "functions":[
									{"function":"set_count",
									 "count":{"min":8,"max":15}
									}
								   ]},
					  {"type":"item",
					   "name":"minecraft:lapis_lazuli",
					   "weight":4,
					   "functions":[
									{"function":"set_count",
									 "count":{"min":14,"max":20}
									}
								   ]}
					 ]
		  },
		  {"rolls":{"min":1,"max":2},
		   "bonus_rolls":{"min":0,"max":2},
		   "entries":[
					  {"type":"item",
					   "name":"minecraft:redstone_ore",
					   "weight":3,
					   "functions":[
									{"function":"set_count",
									 "count":{"min":9,"max":14}
									}
								   ]},
					  {"type":"item",
					   "name":"minecraft:redstone",
					   "weight":4,
					   "functions":[
									{"function":"set_count",
									 "count":{"min":15,"max":23}
									}
								   ]}
					 ]
		  },
		  {"rolls":{"min":1,"max":2},
		   "bonus_rolls":{"min":0,"max":2},
		   "entries":[
					  {"type":"item",
					   "name":"minecraft:emerald_ore",
					   "weight":3,
					   "functions":[
									{"function":"set_count",
									 "count":{"min":4,"max":11}
									}
								   ]},
					  {"type":"item",
					   "name":"minecraft:emerald",
					   "weight":4,
					   "functions":[
									{"function":"set_count",
									 "count":{"min":6,"max":14}
									}
								   ]}
					 ]
		  },
		  {"rolls":1,
		   "entries":[
					  {
					   "type": "item",
					   "name": "minecraft:player_head",
					   "weight": 100,
					   "functions": [
									 {
									  "function": "set_name",
									  "name":{
											  "text":"Pack 4 Trophy",
											  "color":"light_purple",
											  "bold":"true",
											  "italic":"false"
											 }
									 },
									 {
									  "function": "set_nbt",
									  "tag": "{SkullOwner:{Id:\"3380511f-879b-4301-a10d-109ab30e7b3f\",Properties:{textures:[{Value:\"eyJ0ZXh0dXJlcyI6eyJTS0lOIjp7InVybCI6Imh0dHA6Ly90ZXh0dXJlcy5taW5lY3JhZnQubmV0L3RleHR1cmUvMzgzOWVhZjllZTA3NjcwNjA3ZDNkYTRkNmMxZDMwZmU1OWRiNTY0NThmYWQ1ZjU1YjU0MTJkNTZiM2RlYjU1OSJ9fX0=\"}]}}}"
									 }
									]
					  }
					 ]}
		 ]
}